{"cameraMode":{"drawMode":0,"name":"Shaded","section":"Shading Mode"},"sceneLighting":true,"audioPlay":false,"sceneViewState":{"m_AlwaysRefresh":false,"showFog":true,"showSkybox":true,"showFlares":true,"showImageEffects":true,"showParticleSystems":true,"showVisualEffectGraphs":true,"m_FxEnabled":true},"in2DMode":false,"pivot":{"x":239.0847930908203,"y":39.248741149902347,"z":155.00619506835938},"rotation":{"x":-0.22137099504470826,"y":-0.2187025547027588,"z":0.05276414006948471,"w":-0.9492367506027222},"size":11.428874969482422,"orthographic":false}