{"cameraMode":{"drawMode":0,"name":"Shaded","section":"Shading Mode"},"sceneLighting":true,"audioPlay":false,"sceneViewState":{"m_AlwaysRefresh":false,"showFog":true,"showSkybox":true,"showFlares":true,"showImageEffects":true,"showParticleSystems":true,"showVisualEffectGraphs":true,"m_FxEnabled":true},"in2DMode":false,"pivot":{"x":157.74392700195313,"y":56.377803802490237,"z":224.97039794921876},"rotation":{"x":-0.20172183215618134,"y":0.6468164324760437,"z":-0.17691193521022798,"w":-0.7144356369972229},"size":11.428874969482422,"orthographic":false}